threshold,n_above
5.000000,198.000000
10.000000,161.000000
15.000000,121.000000
20.000000,90.000000
25.000000,41.000000
